Num,SNOTEL ID,SNOTEL State,SNOTEL Name,SNOTEL Elev (ft),SNOTEL Lat (°),SNOTEL Lon (°) ,Data Starting Date,Data Ending Date,,,
1,1000,OR,Annie Springs,6010,42.87,-122.17,9/15/2000,9/30/2018,,,
2,1001,AK,Long Lake,850,58.19,-133.83,10/1/1999,9/30/2018,,,
3,1003,AK,Mcneil Canyon,1320,59.74,-151.25,10/1/1986,9/30/2018,,,
4,1005,CO,Ute Creek,10650,37.61,-105.37,8/15/2000,9/30/2018,,,
5,1006,NV,Lewis Peak,7400,40.36,-116.86,8/23/2000,9/30/2018,,,
6,1008,MT,Onion Park,7410,46.91,-110.85,9/30/1993,9/30/2018,,,
7,1009,MT,Stringer Creek,6550,46.93,-110.9,9/30/1995,9/30/2018,,,
8,1010,OR,Crazyman Flat,6180,42.64,-120.95,9/4/2001,9/30/2018,,,
9,1011,WA,MF Nooksack,4970,48.82,-121.93,10/1/2002,9/30/2018,,,
10,1012,WA,Swift Creek,4440,46.16,-122.18,8/13/2002,9/30/2018,,,
11,1013,UT,Temple Fork,7406,41.79,-111.55,11/5/2001,9/30/2018,,,
12,1014,CO,Middle Fork Camp,8940,39.8,-106.03,9/21/2001,9/30/2018,,,
13,1015,WY,Sage Creek Basin,7850,41.4,-107.26,10/1/2001,9/30/2018,,,
14,1016,ID,Long Valley,4890,44.79,-116.09,10/1/2001,9/30/2018,,,
15,1017,NM,Vacas Locas,9306,36.03,-106.81,11/8/2001,9/30/2018,,,
16,1030,CO,Arapaho Ridge,10960,40.35,-106.38,8/14/2002,9/30/2018,,,
17,1031,CO,Never Summer,10280,40.4,-105.96,9/11/2002,9/30/2018,,,
18,1032,CO,Rawah,9020,40.71,-106.01,9/12/2002,9/30/2018,,,
19,1033,CO,Zirkel,9340,40.79,-106.6,8/15/2002,9/30/2018,,,
20,1034,NM,Sierra Blanca,10280,33.4,-105.79,10/3/2002,9/30/2018,,,
21,1035,AK,Moraine,2100,61.38,-149,3/1/2002,9/30/2018,,,
22,1039,UT,Cascade Mountain,7774,40.28,-111.61,10/17/2002,9/30/2018,,,
23,1040,CO,Mccoy Park,9480,39.6,-106.54,10/1/2002,9/30/2018,,,
24,1041,CO,Beaver Ck Village,8500,39.6,-106.51,11/15/2002,9/30/2018,,,
25,1042,CO,Wild Basin,9560,40.2,-105.6,12/20/2002,9/30/2018,,,
26,1043,WA,Sentinel Butte,4680,48.86,-118.4,8/28/2003,9/30/2018,,,
27,1044,OR,Toketee Airstrip,3240,43.23,-122.43,10/1/2003,9/30/2018,,,
28,1045,WY,Crow Creek,8330,41.23,-105.38,8/7/2003,9/30/2018,,,
29,1046,WY,Cinnabar Park,9574,41.24,-106.23,6/13/1999,9/30/2018,,,
30,1047,WY,Little Snake River,8915,41.07,-106.94,7/27/2004,9/30/2018,,,
31,1048,NM,Mcknight Cabin,9240,33.01,-107.87,9/25/2003,9/30/2018,,,
32,1049,CA,Forestdale Creek,8017,38.68,-119.96,9/21/2003,9/30/2018,,,
33,1050,CA,Horse Meadow,8557,38.84,-119.89,9/22/2003,9/30/2018,,,
34,1051,CA,Burnside Lake,8129,38.72,-119.89,9/21/2003,9/30/2018,,,
35,1052,CA,Summit Meadow,9313,38.4,-119.54,9/23/2003,9/30/2018,,,
36,1053,ID,Myrtle Creek,3520,48.72,-116.46,10/1/2003,9/30/2018,,,
37,1054,UT,Farmington Lower,6779,40.99,-111.82,11/20/2003,9/30/2018,,,
38,1055,AK,Upper Tsaina River,1750,61.19,-145.65,10/1/2003,9/30/2018,,,
39,1056,UT,Lightning Ridge,8215,41.36,-111.49,7/19/2004,9/30/2018,,,
40,1057,CO,Glen Cove,11460,38.88,-105.07,8/2/2004,9/30/2018,,,
41,1058,CO,Grayback,11620,37.47,-106.54,9/11/2004,9/30/2018,,,
42,1059,CO,Cochetopa Pass,10020,38.16,-106.6,9/10/2004,9/30/2018,,,
43,1060,CO,Sharkstooth,10720,37.5,-108.11,10/15/2004,9/30/2018,,,
44,1061,CO,Bear River,9080,40.06,-107.01,10/1/2004,9/30/2018,,,
45,1062,AK,Anchor River Divide,1653,59.86,-151.32,10/1/1980,9/30/2018,,,
46,1065,UT,Gutz Peak,6763,37.5,-113.94,8/26/2004,9/30/2018,,,
47,1066,UT,Gardner Peak,8322,37.4,-113.46,8/26/2004,9/30/2018,,,
48,1067,CA,Carson Pass,8360,38.69,-120,9/23/2004,9/30/2018,,,
49,1068,WA,Sawmill Ridge,4640,47.16,-121.42,7/27/2006,9/30/2018,,,
50,1069,WA,Lynn Lake,3900,47.2,-121.78,8/30/2007,9/30/2018,,,
51,1070,AK,Anchorage Hillside,2080,61.11,-149.67,6/22/2005,9/30/2018,,,
52,1073,AK,Mt. Eyak,1405,60.55,-145.75,9/8/2005,9/30/2018,,,
53,1077,OR,Swan Lake Mtn,6830,42.41,-121.68,10/1/2006,9/30/2018,,,
54,1078,OR,Sun Pass,5400,42.79,-121.98,6/28/2006,9/30/2018,,,
55,1079,OR,Milk Shakes,5580,45.98,-117.95,9/20/2007,9/30/2018,,,
56,1080,WA,Brown Top,5830,48.93,-121.2,9/18/2009,9/30/2018,,,
57,1081,ID,Ragged Mountain,4210,47.86,-117.04,9/26/2006,9/30/2018,,,
58,1082,WY,Grand Targhee,9260,43.78,-110.93,8/24/2006,9/30/2018,,,
59,1083,NM,Tres Ritos,8600,36.13,-105.53,9/21/2006,9/30/2018,,,
60,1084,OR,Miller Woods,420,45.25,-123.28,9/22/2006,9/30/2018,,,
61,1085,WA,Cayuse Pass,5240,46.87,-121.53,10/1/2006,9/30/2018,,,
62,1089,AK,Tokositna Valley,850,62.63,-150.78,6/30/2006,9/30/2018,,,
63,1091,AK,Independence Mine,3550,61.79,-149.28,10/31/1997,9/30/2018,,,
64,1092,AK,Exit Glacier,400,60.19,-149.62,7/8/2011,9/30/2018,,,
65,1093,AK,Chisana,3320,62.07,-142.05,7/16/2008,9/30/2018,,,
66,1096,AK,May Creek,1610,61.35,-142.71,7/17/2007,9/30/2018,,,
67,1097,UT,Timberline,8736,39.68,-110.43,8/29/2007,9/30/2018,,,
68,1098,UT,Usu Doc Daniel,8270,41.86,-111.51,7/11/2007,9/30/2018,,,
69,1099,UT,Jones Corral,9749,38.07,-112.17,9/20/2007,9/30/2018,,,
70,1100,CO,Saint Elmo,10540,38.7,-106.37,9/10/2007,9/30/2018,,,
71,1101,CO,Chapman Tunnel,10110,39.26,-106.63,9/7/2007,9/30/2018,,,
72,1102,CO,Hayden Pass,10720,38.29,-105.85,9/10/2007,9/30/2018,,,
73,1103,AK,Mt. Alyeska,1540,60.96,-149.09,10/1/1972,9/30/2018,,,
74,1104,WA,Pepper Creek,2140,46.1,-121.96,8/17/2007,9/30/2018,,,
75,1105,MT,East Boulder Mine,6335,45.5,-110.08,6/19/2008,9/30/2018,,,
76,1106,MT,Elk Peak,7600,46.48,-110.71,7/9/2008,9/30/2018,,,
77,1107,WA,Buckinghorse,4870,47.71,-123.46,9/10/2008,9/30/2018,,,
78,1109,WA,Calamity,2500,45.9,-122.22,8/21/2008,9/30/2018,,,
79,1110,NV,Rainbow Canyon,7860,36.25,-115.63,6/10/2008,9/30/2018,,,
80,1111,NV,Bristlecone Trail,8890,36.32,-115.7,6/9/2008,9/30/2018,,,
81,1112,NV,Lee Canyon,8626,36.31,-115.68,6/9/2008,9/30/2018,,,
82,1113,UT,Tony Grove RS,6332,41.89,-111.57,6/8/2009,9/30/2018,,,
83,1114,UT,Garden City Summit,7705,41.92,-111.47,7/28/2009,9/30/2018,,,
84,1115,UT,Klondike Narrows,7250,41.97,-111.6,6/10/2009,9/30/2018,,,
85,1116,UT,Lakefork #3,8464,40.55,-110.35,8/18/2009,9/30/2018,,,
86,1117,UT,Spirit Lk,10235,40.84,-110.01,9/15/2009,9/30/2018,,,
87,1118,UT,Lost Creek Resv,6082,41.22,-111.36,6/15/2010,9/30/2018,,,
88,1119,WY,Blackhall Mtn,9820,41.06,-106.71,8/7/2009,9/30/2018,,,
89,1120,CO,Elliot Ridge,10520,39.86,-106.42,8/12/2009,9/30/2018,,,
90,1121,AZ,Fort Valley,7350,35.27,-111.74,6/26/2008,9/30/2018,,,
91,1122,CO,Hourglass Lake,9380,40.58,-105.63,10/1/2008,9/30/2018,,,
92,1123,CO,Long Draw Resv,9980,40.51,-105.77,8/25/2009,9/30/2018,,,
93,1124,CO,Moon Pass,11140,37.97,-106.56,10/1/2008,9/30/2018,,,
94,1125,AZ,Mormon Mtn Summit,8500,34.97,-111.51,6/26/2008,9/30/2018,,,
95,1127,AZ,Nutrioso,8500,33.9,-109.16,6/26/2008,9/30/2018,,,
96,1128,CO,Sargents Mesa,11530,38.29,-106.37,10/1/2008,9/30/2018,,,
97,1129,WA,Indian Rock,5360,45.99,-120.81,11/6/2008,9/30/2018,,,
98,1130,WY,Castle Creek,8400,43.67,-109.38,8/19/2010,9/30/2018,,,
99,1131,WY,Little Goose,8870,44.54,-107.18,8/4/2010,9/30/2018,,,
100,1132,WY,Soldier Park,8720,44.35,-107.01,8/6/2010,9/30/2018,,,
101,1133,WY,Pocket Creek,9360,42.71,-109.41,9/10/2009,9/30/2018,,,
102,1134,WY,Larsen Creek,9000,42.58,-109.09,8/4/2010,9/30/2018,,,
103,1135,UT,Burts Miller Ranch,8000,40.98,-110.85,6/26/2009,9/30/2018,,,
104,1136,NV,Toe Jam,7700,41.32,-116.34,7/8/2009,9/30/2018,,,
105,1137,NV,Vacarro Springs,7890,39.45,-115.98,6/22/2011,9/30/2018,,,
106,1138,NM,Navajo Whiskey Ck,9050,36.18,-108.95,5/12/2009,9/30/2018,,,
107,1139,AZ,Chalender,7100,35.26,-112.06,5/18/2009,9/30/2018,,,
108,1140,AZ,Baker Butte Smt,7700,34.46,-111.38,5/18/2009,9/30/2018,,,
109,1141,CO,Upper Taylor,10640,38.99,-106.75,9/1/2009,9/30/2018,,,
110,1142,ID,Pierce R.S.,3080,46.49,-115.8,9/30/2009,9/30/2018,,,
111,1143,AZ,Beaver Spring,9200,36.33,-109.06,10/1/2009,9/30/2018,,,
112,1144,MT,Blacktail Mtn,5650,47.98,-114.35,8/26/2010,9/30/2018,,,
113,1145,UT,Kilfoil Creek,7220,41.25,-111.41,6/17/2010,9/30/2018,,,
114,1146,UT,Oak Creek,7850,39.35,-112.33,7/12/2010,9/30/2018,,,
115,1147,NV,Wheeler Peak,10060,39.01,-114.31,7/28/2010,9/30/2018,,,
116,1148,UT,Panguitch Lake RS,8350,37.7,-112.65,5/29/2014,9/30/2018,,,
117,1149,UT,Fish Lake Utah,8798,38.5,-111.77,8/24/2010,9/30/2018,,,
118,1150,NV,Kalamazoo,7775,39.56,-114.63,7/30/2011,9/30/2018,,,
119,1151,UT,George Creek,8964,41.92,-113.41,8/11/2010,9/30/2018,,,
120,1152,NV,Cave Mountain,10578,39.16,-114.61,7/27/2011,9/30/2018,,,
121,1153,UT,Buckboard Flat,8924,37.87,-109.45,5/18/2012,9/30/2018,,,
122,1154,UT,Brian Head,10039,37.68,-112.86,8/23/2011,9/30/2018,,,
123,1155,NV,Bird Creek,7537,39.46,-114.65,7/27/2011,9/30/2018,,,
124,1156,UT,Box Springs,9228,38.5,-112.01,8/24/2010,9/30/2018,,,
125,1158,OR,Howard Prairie,4580,42.22,-122.37,9/26/2012,9/30/2018,,,
126,1159,WA,Gold Axe Camp,5360,48.95,-118.99,10/1/2010,9/30/2018,,,
127,1160,CO,Weminuche Creek,10740,37.52,-107.32,10/1/2010,9/30/2018,,,
128,1161,CO,Black Mountain,8920,40.89,-105.66,10/20/2010,9/30/2018,,,
129,1162,UT,Blacks Fork Jct,8869,40.96,-110.58,10/22/2010,9/30/2018,,,
130,1163,UT,EF Blacks Fork GS,9360,40.88,-110.54,10/22/2010,9/30/2018,,,
131,1166,OR,Bear Grass,4720,44.33,-122.09,9/22/2011,9/30/2018,,,
132,1167,OR,Smith Ridge,3270,44.3,-122.04,11/16/2011,9/30/2018,,,
133,1168,NM,Taos Powderhorn,11057,36.58,-105.46,8/16/2010,9/30/2018,,,
134,1169,NM,Shuree,10100,36.79,-105.24,8/19/2010,9/30/2018,,,
135,1170,NM,Palo,9350,36.41,-105.33,8/17/2010,9/30/2018,,,
136,1171,WA,Trinity,2930,48.07,-120.85,8/19/2010,9/30/2018,,,
137,1172,NM,San Antonio Sink,9100,36.86,-106.23,7/14/2011,9/30/2018,,,
138,1173,NM,Garita Peak,10160,36.01,-106.55,9/23/2016,9/30/2018,,,
139,1174,AK,Fairbanks F.O.,450,64.85,-147.8,10/1/1982,9/30/2018,,,
140,1175,AK,Kelly Station,310,67.93,-162.28,10/1/1991,9/30/2018,,,
141,1182,AK,Bettles Field,640,66.92,-151.53,10/1/1980,9/30/2018,,,
142,1184,UT,Gooseberry RS Up,8396,38.79,-111.69,7/19/2011,9/30/2018,,,
143,1185,CO,Black Mesa,11580,37.79,-108.18,8/23/2012,9/30/2018,,,
144,1186,CO,Fool Creek,11150,39.87,-105.87,10/1/2011,9/30/2018,,,
145,1187,CO,High Lonesome,10620,40.04,-105.75,9/5/2013,9/30/2018,,,
146,1188,CO,Wager Gulch,11100,37.88,-107.36,9/20/2011,9/30/2018,,,
147,1189,AK,American Creek,1050,64.79,-141.23,8/15/2011,9/30/2018,,,
148,1192,UT,Buck Pasture,9632,40.84,-110.66,11/23/2011,9/30/2018,,,
149,1194,NV,Summit Lk,7615,41.49,-119,9/15/2011,9/30/2018,,,
150,1195,NV,Golconda,6616,40.88,-117.59,9/13/2011,9/30/2018,,,
151,1196,WY,Med Bow,10500,41.38,-106.35,8/27/2012,9/30/2018,,,
152,1197,UT,Yankee Reservoir,8692,37.75,-112.78,7/11/2012,9/30/2018,,,
153,1212,AZ,Bar M,6393,34.86,-111.61,9/6/2012,9/30/2018,,,
154,1214,UT,Bevans Cabin,6520,40.46,-112.25,5/10/2012,9/30/2018,,,
155,1215,UT,Lasal Mountain-Lower,8783,38.48,-109.29,5/16/2012,9/30/2018,,,
156,1216,UT,Huntington Horse,9652,39.61,-111.3,6/17/2012,9/30/2018,,,
157,1217,UT,Rees Flat,7206,39.5,-111.73,6/17/2012,9/30/2018,,,
158,1221,UT,GBRC HQ,8801,39.32,-111.49,7/20/2012,9/30/2018,,,
159,1222,UT,GBRC Meadows,9858,39.3,-111.45,7/21/2012,9/30/2018,,,
160,1223,UT,Hobble Creek,7377,40.19,-111.36,8/15/2012,9/30/2018,,,
161,1224,UT,Mt Baldy,9524,39.14,-111.51,7/18/2012,9/30/2018,,,
162,1225,UT,Redden Mine Lwr,8532,40.67,-111.22,8/7/2012,9/30/2018,,,
163,1226,UT,Thistle Flat,8787,39.24,-111.52,7/21/2012,9/30/2018,,,
164,1227,UT,Upper Joes Valley,8596,39.42,-111.25,7/22/2012,9/30/2018,,,
165,1228,UT,Wrigley Creek,9327,39.13,-111.35,7/19/2012,9/30/2018,,,
166,1231,WA,Satus Pass,3960,45.99,-120.68,8/23/2012,9/30/2018,,,
167,1236,UT,Corral,8207,39.66,-110.38,6/26/2013,9/30/2018,,,
168,1242,NV,Little Valley,6493,39.25,-119.88,7/10/2013,9/30/2018,,,
169,1243,NV,Dry Creek,6555,40.86,-115.22,7/24/2013,9/30/2018,,,
170,1244,NV,Pole Canyon,7760,40.86,-115.12,7/24/2013,9/30/2018,,,
171,1247,UT,Takka Wiiya,9122,39.74,-113.98,8/21/2013,9/30/2018,,,
172,1248,UT,Suu Ranch,8050,37.6,-112.92,8/27/2013,9/30/2018,,,
173,1249,UT,Sunflower Flat,10018,38.05,-111.34,10/23/2013,9/30/2018,,,
174,1251,CO,Sawtooth,9620,40.14,-105.59,9/24/2014,9/30/2018,,,
175,1252,CO,Elkhead Divide,8780,40.8,-107.1,9/1/2016,9/30/2018,,,
176,1254,NM,Rio Santa Barbara,10664,36.07,-105.63,9/25/2013,9/30/2018,,,
177,1256,WA,Gold Mountain,4390,48.19,-118.46,10/1/2014,9/30/2018,,,
178,1257,WA,Skate Creek,3770,46.64,-121.83,10/1/2014,9/30/2018,,,
179,1258,CA,State Line,5680,41.99,-120.72,6/20/2014,9/30/2018,,,
180,1259,WA,Muckamuck,4470,48.59,-119.87,6/12/2014,9/30/2018,,,
181,1261,UT,Lonesome Beaver,9410,38.08,-110.77,10/15/2014,9/30/2018,,,
182,1262,NV,Fry Canyon,6798,41.58,-115.93,10/9/2014,9/30/2018,,,
183,1263,WA,Pinto Rock,4440,46.32,-121.94,10/1/2014,9/30/2018,,,
184,1266,AK,Telaquana Lake,1275,60.98,-153.92,7/13/2014,9/30/2018,,,
185,1267,AK,Alexander Lake,160,61.75,-150.89,10/1/2014,9/30/2018,,,
186,1268,AK,Fielding Lake,3000,63.2,-145.63,8/7/2014,9/30/2018,,,
187,1269,UT,Mt Pennell,9209,37.98,-110.79,8/18/2015,9/30/2018,,,
188,1270,AK,Heen Latinee,2065,58.7,-134.86,8/6/2015,9/30/2018,,,
189,1271,AZ,Hawley Lake,8300,33.97,-109.77,9/17/2015,9/30/2018,,,
190,1275,AK,Jack Wade Jct,3585,64.15,-141.33,9/30/2015,9/30/2018,,,
191,1277,CA,Fredonyer Peak,7208,40.69,-120.61,11/9/2016,9/30/2018,,,
192,1278,UT,Bobs Hollow,9319,38.95,-112.15,10/5/2016,9/30/2018,,,
193,1280,UT,Santaquin Meadows,7835,39.92,-111.72,10/27/2016,9/30/2018,,,
194,2029,ID,Reynolds Creek,5600,43.29,-116.85,9/2/1999,9/30/2018,,,
195,301,CA,Adin Mtn,6190,41.24,-120.79,9/13/1984,9/30/2018,,,
196,302,OR,Aneroid Lake #2,7400,45.21,-117.19,10/1/1980,9/30/2018,,,
197,303,CO,Apishapa,10000,37.33,-105.07,6/10/1980,9/30/2018,,,
198,304,OR,Arbuckle Mtn,5770,45.19,-119.25,10/1/1978,9/30/2018,,,
199,306,ID,Atlanta Summit,7580,43.76,-115.24,3/6/1979,9/30/2018,,,
200,307,MT,Badger Pass,6900,48.13,-113.02,10/1/1978,9/28/2018,,,
201,308,AZ,Baker Butte,7300,34.46,-111.41,9/30/1978,9/30/2018,,,
202,309,WY,Bald Mtn.,9380,44.8,-107.84,10/1/1978,9/30/2018,,,
203,310,AZ,Baldy,9125,33.98,-109.5,3/7/1979,9/30/2018,,,
204,311,MT,Banfield Mountain,5600,48.57,-115.45,10/1/1970,9/30/2018,,,
205,312,ID,Banner Summit,7040,44.3,-115.23,10/1/1980,9/30/2018,,,
206,313,MT,Barker Lakes,8250,46.1,-113.13,10/1/1979,9/30/2018,,,
207,314,WY,Base Camp,7060,43.95,-110.45,10/1/1980,9/30/2018,,,
208,315,MT,Basin Creek,7180,45.8,-112.52,8/16/1980,9/30/2018,,,
209,316,NM,Bateman,9300,36.51,-106.32,3/6/1979,9/30/2018,,,
210,317,WY,Battle Mountain,7440,41.05,-107.27,10/1/1985,9/30/2018,,,
211,318,MT,Beagle Springs,8850,44.47,-112.98,10/1/1978,9/30/2018,,,
212,319,ID,Bear Basin,5350,44.95,-116.14,10/1/1980,9/30/2018,,,
213,320,ID,Bear Canyon,7900,43.74,-113.94,10/1/1980,9/30/2018,,,
214,321,NV,Bear Creek,8040,41.83,-115.45,10/1/1978,9/30/2018,,,
215,322,CO,Bear Lake,9500,40.31,-105.64,10/1/1980,9/30/2018,,,
216,323,ID,Bear Mountain,5400,48.31,-116.07,10/1/1980,9/30/2018,,,
217,324,ID,Bear Saddle,6180,44.61,-116.98,11/3/1980,9/30/2018,,,
218,325,WY,Bear Trap Meadow,8200,43.89,-107.06,8/1/1980,9/30/2018,,,
219,326,WY,Beartooth Lake,9360,44.94,-109.57,7/30/1980,9/30/2018,,,
220,327,CO,Beartown,11600,37.71,-107.51,7/12/1980,9/30/2018,,,
221,328,MT,Beaver Creek,7850,44.95,-111.36,10/1/1970,9/30/2018,,,
222,329,UT,Beaver Dams,7990,39.14,-111.56,9/30/1980,9/30/2018,,,
223,330,UT,Beaver Divide,8280,40.61,-111.1,10/1/1978,9/30/2018,,,
224,331,OR,Beaver Reservoir,5150,45.15,-118.22,6/17/1980,9/30/2018,,,
225,332,UT,Ben Lomond Peak,7689,41.38,-111.94,10/1/1978,9/30/2018,,,
226,333,UT,Ben Lomond Trail,5972,41.38,-111.92,9/30/1980,9/30/2018,,,
227,334,NV,Berry Creek,9377,39.32,-114.62,10/1/1980,9/30/2018,,,
228,335,CO,Berthoud Summit,11300,39.8,-105.78,10/1/1978,9/30/2018,,,
229,336,NV,Big Bend,6898,41.76,-115.69,10/1/1978,9/30/2018,,,
230,337,NV,Big Creek Sum,8685,39.29,-117.11,10/1/1980,9/30/2018,,,
231,338,ID,Big Creek Summit,6560,44.63,-115.79,10/1/1981,9/30/2018,,,
232,339,UT,Big Flat,10349,38.3,-112.36,10/1/1978,9/30/2018,,,
233,340,NV,Big Meadow,8235,39.46,-119.94,10/1/1983,9/30/2018,,,
234,341,OR,Big Red Mountain,6050,42.05,-122.85,10/1/1980,9/30/2018,,,
235,342,WY,Big Sandy Opening,9080,42.65,-109.26,3/6/1979,9/30/2018,,,
236,343,OR,Bigelow Camp,5130,42.08,-123.34,10/1/1980,9/30/2018,,,
237,344,OR,Billie Creek Divide,5280,42.41,-122.27,10/1/1978,9/30/2018,,,
238,345,CO,Bison Lake,10880,39.76,-107.36,9/30/1985,9/30/2018,,,
239,346,MT,Bisson Creek,4920,47.68,-114,10/1/1991,9/30/2018,,,
240,347,MT,Black Bear,8170,44.51,-111.13,10/1/1971,9/30/2018,,,
241,348,UT,Black Flat-U.M. Ck,9414,38.68,-111.6,6/19/1980,9/30/2018,,,
242,349,MT,Black Pine,7210,46.41,-113.43,10/1/1970,9/30/2018,,,
243,350,WY,Blackwater,9780,44.38,-109.79,7/24/1980,9/30/2018,,,
244,351,OR,Blazed Alder,3650,45.43,-121.86,10/1/1980,9/30/2018,,,
245,352,WA,Blewett Pass,4240,47.35,-120.68,11/3/1980,9/30/2018,,,
246,353,WY,Blind Bull Sum,8650,42.96,-110.61,3/6/1979,9/30/2018,,,
247,354,SD,Blind Park,6890,44.11,-103.98,6/1/1990,9/30/2018,,,
248,355,MT,Bloody Dick,7600,45.17,-113.5,10/1/1976,9/30/2018,,,
249,356,CA,Blue Lakes,8067,38.61,-119.92,7/9/1980,9/30/2018,,,
250,357,OR,Blue Mountain Spring,5870,44.25,-118.52,10/1/1978,9/30/2018,,,
251,358,WY,Bone Springs Div,9350,44.68,-107.58,10/1/1978,9/30/2018,,,
252,359,ID,Bostetter R.S.,7500,42.16,-114.19,10/1/1980,9/30/2018,,,
253,360,MT,Boulder Mountain,7950,46.56,-111.29,10/1/1978,9/30/2018,,,
254,361,OR,Bourne,5850,44.83,-118.19,10/1/1978,9/30/2018,,,
255,362,OR,Bowman Springs,4530,45.36,-118.47,10/1/1978,9/30/2018,,,
256,363,MT,Box Canyon,6670,45.27,-110.25,10/1/1978,9/30/2018,,,
257,364,UT,Box Creek,9853,38.51,-112.02,10/1/1979,9/30/2018,,,
258,365,MT,Brackett Creek,7320,45.89,-110.94,9/29/1994,9/30/2018,,,
259,366,UT,Brighton,8766,40.6,-111.58,9/24/1986,9/30/2018,,,
260,367,WY,Brooklyn Lake,10240,41.36,-106.23,10/1/1980,9/30/2018,,,
261,368,UT,Brown Duck,10574,40.58,-110.59,10/1/1978,9/30/2018,,,
262,369,CO,Brumley,10600,39.09,-106.54,8/23/1980,9/30/2018,,,
263,370,ID,Brundage Reservoir,6250,45.04,-116.13,9/30/1986,9/30/2018,,,
264,371,UT,Buck Flat,9409,39.13,-111.44,10/1/1978,9/30/2018,,,
265,373,NV,Buckskin Lower,6930,41.75,-117.53,10/1/1980,9/30/2018,,,
266,374,UT,Bug Lake,7987,41.68,-111.42,10/1/1978,9/30/2018,,,
267,375,WA,Bumping Ridge,4610,46.81,-121.33,10/1/1978,9/30/2018,,,
268,376,WA,Bunchgrass Mdw,5000,48.69,-117.18,11/3/1980,9/30/2018,,,
269,377,WY,Burgess Junction,7880,44.79,-107.53,9/3/1980,9/30/2018,,,
270,378,CO,Burro Mountain,9400,39.88,-107.6,11/1/1978,9/30/2018,,,
271,379,WY,Burroughs Creek,8750,43.7,-109.67,10/1/1978,9/30/2018,,,
272,380,CO,Butte,10160,38.89,-106.95,10/1/1980,9/30/2018,,,
273,381,MT,Calvert Creek,6430,45.88,-113.33,10/1/1975,9/30/2018,,,
274,382,ID,Camas Creek Divide,5710,43.27,-115.35,5/6/1992,9/30/2018,,,
275,383,UT,Camp Jackson,8858,37.81,-109.49,10/1/1985,9/30/2018,,,
276,384,WY,Canyon,7870,44.72,-110.51,10/1/1980,9/30/2018,,,
277,385,MT,Carrot Basin,9000,44.96,-111.29,10/1/1970,9/30/2018,,,
278,386,CO,Cascade,8880,37.65,-107.81,10/1/1978,9/30/2018,,,
279,387,CO,Cascade #2,8920,37.66,-107.8,9/30/1990,9/30/2018,,,
280,388,OR,Cascade Summit,5100,43.59,-122.06,10/1/1980,9/30/2018,,,
281,389,WY,Casper Mtn.,7900,42.73,-106.32,9/30/1978,9/30/2018,,,
282,390,UT,Castle Valley,9607,37.66,-112.74,9/30/1980,9/30/2018,,,
283,391,CA,Cedar Pass,7030,41.58,-120.3,10/1/1978,9/30/2018,,,
284,392,UT,Chalk Creek #1,9171,40.85,-111.05,10/1/1978,9/30/2018,,,
285,393,UT,Chalk Creek #2,8208,40.89,-111.07,10/1/1978,9/30/2018,,,
286,394,NM,Chamita,8400,36.96,-106.66,3/6/1979,9/30/2018,,,
287,395,OR,Chemult Alternate,4850,43.23,-121.81,10/1/1980,9/30/2018,,,
288,396,UT,Chepeta,10499,40.77,-110.01,9/30/1980,9/30/2018,,,
289,398,OR,Clackamas Lake,3400,45.1,-121.75,10/1/1980,9/30/2018,,,
290,399,UT,Clear Creek #1,8975,39.87,-111.28,10/1/1978,9/30/2018,,,
291,400,UT,Clear Creek #2,7837,39.89,-111.25,10/1/1978,9/30/2018,,,
292,401,OR,Clear Lake,3810,45.19,-121.69,10/1/1980,9/30/2018,,,
293,402,WY,Cloud Peak Reservoir,9860,44.4,-107.06,10/1/1978,9/30/2018,,,
294,403,MT,Clover Meadow,8600,45.02,-111.85,10/1/1978,9/30/2018,,,
295,405,WY,Cold Springs,9630,43.28,-109.45,10/1/1983,9/30/2018,,,
296,406,OR,Cold Springs Camp,5940,42.53,-122.18,10/1/1981,9/30/2018,,,
297,407,MT,Cole Creek,7850,45.19,-109.35,1/1/1972,9/30/2018,,,
298,408,CO,Columbine,9160,40.39,-106.6,9/30/1978,9/30/2018,,,
299,409,CO,Columbine Pass,9400,38.42,-108.38,9/9/1986,9/30/2018,,,
300,410,MT,Combination,5600,46.47,-113.39,10/1/1972,9/30/2018,,,
301,411,ID,Cool Creek,6280,46.76,-115.3,8/4/1984,9/30/2018,,,
302,412,CO,Copeland Lake,8600,40.21,-105.57,10/1/1980,9/30/2018,,,
303,413,MT,Copper Bottom,5200,47.06,-112.6,10/1/1978,9/30/2018,,,
304,414,MT,Copper Camp,6950,47.08,-112.73,10/1/1978,9/30/2018,,,
305,415,CO,Copper Mountain,10550,39.49,-106.17,10/1/1978,9/30/2018,,,
306,416,AZ,Coronado Trail,8400,33.8,-109.15,12/30/1978,9/30/2018,,,
307,417,NV,Corral Canyon,8445,40.28,-115.54,10/1/1978,9/30/2018,,,
308,418,WA,Corral Pass,5800,47.02,-121.46,11/3/1980,9/30/2018,,,
309,419,WY,Cottonwood Creek,7670,42.65,-110.81,10/1/1982,9/30/2018,,,
310,420,WA,Cougar Mountain,3200,47.28,-121.67,11/3/1980,9/30/2018,,,
311,422,OR,County Line,4830,45.19,-118.55,10/1/1980,9/30/2018,,,
312,423,ID,Cozy Cove,5400,44.29,-115.66,3/6/1979,9/30/2018,,,
313,424,ID,Crab Creek,6900,44.44,-111.99,11/3/1980,9/30/2018,,,
314,425,ID,Crater Meadows,5960,46.56,-115.29,8/3/1984,9/30/2018,,,
315,426,CO,Crosho,9100,40.17,-107.06,9/17/1986,9/30/2018,,,
316,427,MT,Crystal Lake,6050,46.79,-109.51,10/1/1978,9/30/2018,,,
317,428,CA,Css Lab,6894,39.33,-120.37,5/10/1983,9/30/2018,,,
318,430,CO,Culebra #2,10500,37.21,-105.2,3/7/1979,9/30/2018,,,
319,431,CO,Cumbres Trestle,10040,37.02,-106.45,8/6/1980,9/30/2018,,,
320,432,UT,Currant Creek,7915,40.36,-111.09,10/1/1978,9/30/2018,,,
321,433,MT,Daly Creek,5780,46.18,-113.85,8/22/1980,9/30/2018,,,
322,434,OR,Daly Lake,3690,44.52,-122.09,4/20/1979,9/30/2018,,,
323,435,UT,Daniels-Strawberry,8008,40.3,-111.26,10/1/1978,9/30/2018,,,
324,436,MT,Darkhorse Lake,8945,45.17,-113.58,8/19/1980,9/30/2018,,,
325,437,MT,Deadman Creek,6450,46.79,-110.68,10/1/1970,9/30/2018,,,
326,438,CO,Deadman Hill,10220,40.81,-105.77,10/1/1978,9/30/2018,,,
327,439,ID,Deadwood Summit,6860,44.54,-115.56,3/6/1979,9/30/2018,,,
328,440,OR,Derr.,5850,44.45,-119.93,10/1/1980,9/30/2018,,,
329,442,OR,Diamond Lake,5280,43.19,-122.14,10/1/1980,9/30/2018,,,
330,443,NV,Diamond Peak,8017,39.56,-115.84,10/1/1983,9/30/2018,,,
331,444,UT,Dills Camp,9228,39.05,-111.47,10/1/1978,9/30/2018,,,
332,445,NV,Disaster Peak,6260,41.97,-118.19,10/1/1980,9/30/2018,,,
333,446,CA,Dismal Swamp,7360,41.99,-120.18,10/1/1980,9/30/2018,,,
334,448,MT,Divide,7800,44.79,-112.06,1/1/1972,9/30/2018,,,
335,449,WY,Divide Peak,8880,41.3,-107.15,10/1/1980,9/30/2018,,,
336,450,ID,Dollarhide Summit,8420,43.6,-114.67,10/1/1981,9/30/2018,,,
337,451,WY,Dome Lake,8880,44.57,-107.3,10/1/1978,9/30/2018,,,
338,452,UT,Donkey Reservoir,9799,38.21,-111.48,10/1/1985,9/30/2018,,,
339,453,NV,Dorsey Basin,7903,40.89,-115.21,10/1/1978,9/30/2018,,,
340,454,NV,Draw Creek,7285,41.66,-115.32,10/1/1983,9/30/2018,,,
341,455,UT,Dry Bread Pond,8302,41.41,-111.54,10/1/1978,9/30/2018,,,
342,457,CO,Dry Lake,8400,40.53,-106.78,10/1/1980,9/30/2018,,,
343,458,MT,Dupuyer Creek,5750,48.06,-112.76,8/20/1983,9/30/2018,,,
344,460,WY,East Rim Divide,7930,43.13,-110.2,8/15/1985,9/30/2018,,,
345,461,UT,East Willow Creek,8302,39.31,-109.53,8/6/1986,9/30/2018,,,
346,462,CA,Ebbetts Pass,8661,38.55,-119.8,10/1/1978,9/30/2018,,,
347,463,CA,Echo Peak,7653,38.85,-120.08,6/25/1980,9/30/2018,,,
348,464,OR,Eilertson Meadows,5510,44.87,-118.11,10/1/1980,9/30/2018,,,
349,465,CO,El Diente Peak,10000,37.79,-108.02,8/5/1986,9/30/2018,,,
350,466,ID,Elk Butte,5690,46.84,-116.12,10/1/1982,9/30/2018,,,
351,467,CO,Elk River,8700,40.85,-106.97,10/1/1978,9/30/2018,,,
352,468,WY,Elkhart Park G.S.,9400,43.01,-109.76,10/1/1980,9/30/2018,,,
353,469,MT,Emery Creek,4350,48.43,-113.94,10/1/1976,9/16/2018,,,
354,470,OR,Emigrant Springs,3800,45.56,-118.45,10/1/1980,9/30/2018,,,
355,471,ID,Emigrant Summit,7390,42.36,-111.56,10/1/1980,9/30/2018,,,
356,472,WY,Evening Star,9200,44.65,-109.78,10/1/1980,9/30/2018,,,
357,473,CA,Fallen Leaf,6242,38.93,-120.05,10/1/1978,9/30/2018,,,
358,474,UT,Farmington,7902,40.97,-111.81,10/1/1978,9/30/2018,,,
359,475,UT,Farnsworth Lake,9623,38.77,-111.68,9/30/1980,9/30/2018,,,
360,476,NV,Fawn Creek,7031,41.82,-116.1,7/21/1980,9/30/2018,,,
361,477,OR,Fish Creek,7660,42.71,-118.63,10/1/1978,9/30/2018,,,
362,478,WA,Fish Lake,3430,47.54,-121.09,9/30/1983,9/30/2018,,,
363,479,OR,Fish Lk.,4660,42.38,-122.35,10/1/1980,9/30/2018,,,
364,480,MT,Fisher Creek,9100,45.06,-109.94,10/1/1970,9/30/2018,,,
365,481,UT,Five Points Lake,10943,40.72,-110.47,8/14/1980,9/30/2018,,,
366,482,MT,Flattop Mtn.,6300,48.8,-113.86,10/1/1970,9/30/2018,,,
367,483,OR,Fourmile Lake,5970,42.44,-122.23,10/1/1978,9/30/2018,,,
368,484,ID,Franklin Basin,8140,42.05,-111.6,12/7/1978,9/30/2018,,,
369,485,CO,Fremont Pass,11400,39.38,-106.2,7/28/1980,9/30/2018,,,
370,486,NM,Frisco Divide,8000,33.74,-108.95,3/7/1979,9/30/2018,,,
371,487,MT,Frohner Meadow,6480,46.44,-112.19,10/1/1972,9/30/2018,,,
372,488,AZ,Fry,7200,35.07,-111.84,10/2/1978,9/30/2018,,,
373,489,ID,Galena,7470,43.88,-114.67,10/1/1981,9/30/2018,,,
374,490,ID,Galena Summit,8780,43.87,-114.71,3/6/1979,9/30/2018,,,
375,491,NM,Gallegos Peak,9800,36.19,-105.56,6/12/1980,9/30/2018,,,
376,492,ID,Garfield R.S.,6560,43.61,-113.93,10/1/1980,9/30/2018,,,
377,493,ID,Giveout,6930,42.41,-111.17,10/1/1981,9/30/2018,,,
378,494,OR,Gold Center,5410,44.76,-118.31,10/1/1980,9/30/2018,,,
379,495,UT,Gooseberry RS,7944,38.8,-111.68,9/30/1979,9/30/2018,,,
380,496,ID,Graham Guard Sta.,5690,43.95,-115.27,3/7/1979,9/30/2018,,,
381,497,WY,Granite Creek,6770,43.34,-110.43,10/1/1987,9/30/2018,,,
382,498,NV,Granite Peak,8503,41.67,-117.57,10/1/1980,9/30/2018,,,
383,499,WY,Grassy Lake,7265,44.13,-110.83,3/7/1979,9/30/2018,,,
384,500,MT,Grave Creek,4300,48.91,-114.77,10/1/1975,9/30/2018,,,
385,501,WY,Grave Springs,8550,43.47,-107.24,8/2/1992,9/30/2018,,,
386,502,WA,Green Lake,5920,46.55,-121.17,10/1/1982,9/30/2018,,,
387,503,NV,Green Mountain,8185,40.38,-115.53,10/3/1979,9/30/2018,,,
388,504,OR,Greenpoint,3310,45.62,-121.7,10/1/1979,9/30/2018,,,
389,505,CO,Grizzly Peak,11100,39.65,-105.87,8/10/1980,9/30/2018,,,
390,506,WY,Gros Ventre Summit,8750,43.39,-110.13,3/7/1979,9/30/2018,,,
391,507,WA,Grouse Camp,5390,47.28,-120.49,11/3/1980,9/30/2018,,,
392,508,CA,Hagans Meadow,7742,38.85,-119.94,10/1/1978,9/30/2018,,,
393,509,WY,Hams Fork,7840,42.15,-110.68,8/20/1985,9/30/2018,,,
394,510,MT,Hand Creek,5035,48.31,-114.84,10/1/1976,9/30/2018,,,
395,511,AZ,Hannagan Meadows,9020,33.65,-109.31,8/13/1979,9/30/2018,,,
396,512,WY,Hansen Sawmill,8360,44.26,-106.98,7/30/1980,9/30/2018,,,
397,513,UT,Lakefork Basin,10885,40.74,-110.62,10/1/1980,9/30/2018,,,
398,514,UT,Harris Flat,7792,37.49,-112.58,9/30/1979,9/30/2018,,,
399,515,WA,Harts Pass,6490,48.72,-120.66,11/3/1980,9/30/2018,,,
400,516,MT,Hawkins Lake,6450,48.97,-115.95,10/1/1970,9/30/2018,,,
401,517,UT,Hayden Fork,9130,40.8,-110.88,10/1/1978,9/30/2018,,,
402,518,CA,Heavenly Valley,8534,38.92,-119.92,10/1/1978,9/30/2018,,,
403,519,AZ,Heber,7640,34.31,-110.75,8/6/1979,9/30/2018,,,
404,520,ID,Hemlock Butte,5810,46.48,-115.63,7/15/1983,9/30/2018,,,
405,521,UT,Hewinta,9500,40.95,-110.48,9/19/1985,9/30/2018,,,
406,522,UT,Hickerson Park,9122,40.91,-109.96,9/17/1985,9/30/2018,,,
407,523,OR,High Ridge,4920,45.7,-118.11,10/1/1978,9/30/2018,,,
408,524,ID,Hilts Creek,8000,44.02,-113.47,10/1/1980,9/30/2018,,,
409,525,WY,Hobbs Park,10100,42.87,-109.09,10/1/1978,9/30/2018,,,
410,526,OR,Hogg Pass,4790,44.42,-121.86,10/1/1979,9/30/2018,,,
411,527,NV,Hole-in-Mountain,8163,40.94,-115.1,10/1/1981,9/30/2018,,,
412,528,UT,Hole-in-Rock,9168,40.92,-110.19,9/18/1985,9/30/2018,,,
413,529,OR,Holland Meadows,4930,43.67,-122.57,10/1/1980,9/30/2018,,,
414,530,MT,Hoodoo Basin,6050,46.98,-115.03,10/1/1970,9/30/2018,,,
415,531,CO,Hoosier Pass,11400,39.36,-106.06,7/31/1980,9/30/2018,,,
416,532,NM,Hopewell,10000,36.72,-106.26,3/6/1979,9/30/2018,,,
417,533,UT,Horse Ridge,8199,41.31,-111.45,10/1/1978,9/30/2018,,,
418,534,ID,Howell Canyon,7980,42.32,-113.62,9/9/1979,9/30/2018,,,
419,535,ID,Humboldt Gulch,4250,47.53,-115.78,3/7/1979,9/30/2018,,,
420,537,ID,Hyndman,7620,43.71,-114.16,8/12/1980,9/30/2018,,,
421,538,CO,Idarado,9800,37.93,-107.68,7/19/1980,9/30/2018,,,
422,539,CA,Independence Camp,6980,39.45,-120.29,9/30/1978,9/30/2018,,,
423,540,CA,Independence Creek,6436,39.49,-120.28,10/1/1980,9/30/2018,,,
424,541,CA,Independence Lake,8338,39.43,-120.31,10/1/1978,9/30/2018,,,
425,542,CO,Independence Pass,10600,39.08,-106.61,10/1/1980,9/30/2018,,,
426,543,UT,Indian Canyon,9171,39.89,-110.75,3/22/1979,9/30/2018,,,
427,544,WY,Indian Creek,9425,42.3,-110.68,10/1/1980,9/30/2018,,,
428,545,OR,Irish Taylor,5540,43.8,-121.95,10/1/1978,9/30/2018,,,
429,546,ID,Island Park,6290,44.42,-111.39,11/3/1980,9/30/2018,,,
430,547,CO,Ivanhoe,10400,39.29,-106.55,10/1/1991,9/30/2018,,,
431,548,NV,Jack Creek Upper,7377,41.55,-116.01,10/1/1978,9/30/2018,,,
432,550,ID,Jackson Peak,7070,44.05,-115.44,10/1/1981,9/30/2018,,,
433,551,CO,Joe Wright,10120,40.53,-105.89,10/1/1978,9/30/2018,,,
434,552,OR,Jump Off Joe,3520,44.39,-122.17,10/1/1978,9/30/2018,,,
435,553,WA,June Lake,3440,46.15,-122.15,12/10/1980,9/30/2018,,,
436,554,WY,Kelley R.S.,8180,42.27,-110.81,10/1/1980,9/30/2018,,,
437,555,WY,Kendall R.S.,7740,43.25,-110.02,8/16/1985,9/30/2018,,,
438,556,CO,Kiln,9600,39.32,-106.61,7/12/1980,9/30/2018,,,
439,557,UT,Kimberly Mine,9101,38.48,-112.39,9/30/1980,9/30/2018,,,
440,558,OR,King Mountain,4340,42.72,-123.2,10/1/1980,9/30/2018,,,
441,559,UT,Kings Cabin,8728,40.72,-109.54,10/1/1978,9/30/2018,,,
442,560,WY,Kirwin,9550,43.86,-109.32,8/20/1980,9/30/2018,,,
443,561,UT,Kolob,9263,37.53,-113.05,10/1/1978,9/30/2018,,,
444,562,MT,Kraft Creek,4750,47.43,-113.78,9/6/1980,9/30/2018,,,
445,563,OR,Lake Creek R.S.,5240,44.21,-118.64,10/1/1978,9/30/2018,,,
446,564,CO,Lake Eldora,9700,39.94,-105.59,10/1/1978,9/30/2018,,,
447,565,CO,Lake Irene,10700,40.41,-105.82,10/1/1978,9/30/2018,,,
448,566,UT,Lakefork #1,10128,40.6,-110.43,10/1/1978,9/30/2018,,,
449,568,MT,Lakeview Ridge,7400,44.59,-111.82,10/1/1978,9/30/2018,,,
450,569,NV,Lamance Creek,6395,41.52,-117.63,10/1/1980,9/30/2018,,,
451,570,NV,Lamoille #3,8051,40.64,-115.38,10/1/1980,9/30/2018,,,
452,571,WY,Laprele Creek,8375,42.44,-105.86,3/6/1979,9/30/2018,,,
453,572,UT,Lasal Mountain,9578,38.48,-109.27,9/30/1980,9/30/2018,,,
454,573,NV,Laurel Draw,6682,41.78,-116.03,9/30/1979,9/30/2018,,,
455,574,CA,Leavitt Lake,9604,38.28,-119.61,8/16/1989,9/30/2018,,,
456,575,CA,Leavitt Meadows,7198,38.3,-119.55,10/1/1980,9/30/2018,,,
457,576,MT,Lemhi Ridge,8100,44.99,-113.44,1/1/1972,9/30/2018,,,
458,577,WY,Lewis Lake Divide,7850,44.21,-110.67,3/6/1979,9/30/2018,,,
459,578,MT,Lick Creek,6860,45.5,-110.97,10/1/1970,9/30/2018,,,
460,579,UT,Lily Lake,9133,40.86,-110.8,10/1/1980,9/30/2018,,,
461,580,CO,Lily Pond,11000,37.38,-106.55,7/11/1980,9/30/2018,,,
462,582,UT,Little Bear,6548,41.41,-111.83,10/1/1978,9/30/2018,,,
463,583,UT,Little Grassy,6065,37.49,-113.85,10/1/1985,9/30/2018,,,
464,584,OR,Little Meadows,4020,44.61,-122.23,8/13/1979,9/30/2018,,,
465,585,WY,Little Warm,9370,43.5,-109.75,10/1/1978,9/30/2018,,,
466,586,CO,Lizard Head Pass,10200,37.8,-107.92,7/25/1980,9/30/2018,,,
467,587,CA,Lobdell Lake,9249,38.44,-119.37,10/1/1978,9/30/2018,,,
468,588,ID,Lolo Pass,5240,46.63,-114.58,10/1/1982,9/30/2018,,,
469,589,CO,Lone Cone,9600,37.89,-108.2,7/20/1980,9/30/2018,,,
470,590,MT,Lone Mountain,8880,45.27,-111.43,9/30/1991,9/30/2018,,,
471,591,WA,Lone Pine,3930,46.27,-121.96,10/1/1978,9/30/2018,,,
472,592,UT,Long Flat,7982,37.51,-113.4,9/30/1979,9/30/2018,,,
473,593,UT,Long Valley Jct,7465,37.49,-112.51,6/11/1986,9/30/2018,,,
474,594,ID,Lookout,5190,47.46,-115.71,3/6/1979,9/30/2018,,,
475,595,NM,Lookout Mountain,8500,33.36,-107.83,3/7/1979,9/30/2018,,,
476,596,UT,Lookout Peak,8161,40.84,-111.71,6/23/1988,9/30/2018,,,
477,597,WY,Loomis Park,8240,43.17,-110.14,10/1/1980,9/30/2018,,,
478,599,WA,Lost Horse,5120,46.36,-121.08,10/5/1989,9/30/2018,,,
479,600,ID,Lost Lake,6110,47.07,-115.96,11/3/1980,9/30/2018,,,
480,601,ID,Lost-Wood Divide,7900,43.82,-114.26,10/1/1981,9/30/2018,,,
481,602,CO,Loveland Basin,11400,39.67,-105.9,8/12/1992,9/30/2018,,,
482,603,MT,Lower Twin,7900,45.51,-111.92,8/15/1980,9/30/2018,,,
483,604,MT,Lubrecht Flume,4680,46.88,-113.32,10/1/1970,9/30/2018,,,
484,605,OR,Lucky Strike,4970,45.27,-118.85,10/1/1978,9/30/2018,,,
485,606,WA,Lyman Lake,5980,48.2,-120.92,10/1/1979,9/30/2018,,,
486,607,CO,Lynx Pass,8880,40.08,-106.67,10/1/1980,9/30/2018,,,
487,608,OR,Madison Butte,5150,45.11,-119.5,10/1/1980,9/30/2018,,,
488,609,MT,Madison Plateau,7750,44.59,-111.12,10/1/1970,9/30/2018,,,
489,610,ID,Magic Mountain,6880,42.18,-114.29,10/1/1980,9/30/2018,,,
490,612,UT,Mammoth-Cottonwood,8709,39.68,-111.32,11/2/1978,9/30/2018,,,
491,613,MT,Many Glacier,4900,48.8,-113.67,10/1/1976,9/30/2018,,,
492,614,OR,Marion Forks,2590,44.59,-121.97,10/1/1980,9/30/2018,,,
493,615,NV,Marlette Lake,7884,39.16,-119.9,10/1/1978,9/30/2018,,,
494,616,WY,Marquette,8760,44.3,-109.24,7/30/1980,9/30/2018,,,
495,617,AZ,Maverick Fork,9200,33.92,-109.46,3/7/1979,9/30/2018,,,
496,618,CO,Mc Clure Pass,9500,39.13,-107.29,7/21/1980,9/30/2018,,,
497,619,OR,Mckenzie,4770,44.21,-121.87,11/3/1980,9/30/2018,,,
498,620,ID,Meadow Lake,9150,44.44,-113.32,10/1/1981,9/30/2018,,,
499,621,UT,Merchant Valley,8705,38.3,-112.44,9/30/1980,9/30/2018,,,
500,622,CO,Mesa Lakes,10000,39.06,-108.06,9/8/1986,9/30/2018,,,
501,623,ID,Mica Creek,4510,47.15,-116.27,9/18/1990,9/30/2018,,,
502,624,CO,Middle Creek,11250,37.62,-107.03,7/26/1980,9/30/2018,,,
503,625,WY,Middle Powder,7760,43.63,-107.18,10/1/1978,9/30/2018,,,
504,626,UT,Midway Valley,9827,37.57,-112.84,9/30/1980,9/30/2018,,,
505,627,ID,Mill Creek Summit,8800,44.47,-114.49,3/9/1979,9/30/2018,,,
506,628,UT,Mill-D North,8963,40.66,-111.64,10/1/1988,9/30/2018,,,
507,629,CO,Mineral Creek,10040,37.85,-107.73,10/1/1978,9/30/2018,,,
508,631,UT,Mining Fork,8295,40.49,-112.61,9/22/1988,9/30/2018,,,
509,632,CO,Molas Lake,10500,37.75,-107.69,8/6/1986,9/30/2018,,,
510,633,CA,Monitor Pass,8306,38.67,-119.61,8/1/1990,9/30/2018,,,
511,634,UT,Monte Cristo,8932,41.47,-111.5,10/1/1978,9/30/2018,,,
512,635,MT,Monument Peak,8850,45.22,-110.24,8/13/1980,9/30/2018,,,
513,636,ID,Moonshine,7440,44.41,-113.4,10/1/1981,9/30/2018,,,
514,637,ID,Mores Creek Summit,6100,43.93,-115.67,3/6/1979,9/30/2018,,,
515,638,ID,Moose Creek,6200,45.67,-113.95,10/1/1981,9/30/2018,,,
516,639,ID,Morgan Creek,7600,44.84,-114.27,10/1/1981,9/30/2018,,,
517,640,AZ,Mormon Mountain,7500,34.94,-111.52,9/30/1978,9/30/2018,,,
518,642,WA,Morse Lake,5410,46.91,-121.48,10/1/1978,9/30/2018,,,
519,643,UT,Mosby Mtn.,9553,40.61,-109.89,10/1/1978,9/30/2018,,,
520,644,WA,Moses Mtn,5010,48.36,-119.08,10/1/1991,9/30/2018,,,
521,645,ID,Mosquito Ridge,5260,48.06,-116.23,3/8/1979,9/30/2018,,,
522,646,MT,Moss Peak,6780,47.68,-113.96,7/12/1985,9/30/2018,,,
523,647,OR,Moss Springs,5760,45.27,-117.69,10/1/1980,9/30/2018,,,
524,648,WA,Mount Crag,3960,47.76,-123.03,10/1/1989,9/30/2018,,,
525,649,MT,Mount Lockhart,6400,47.92,-112.82,10/1/1970,9/30/2018,,,
526,650,ID,Mountain Meadows,6320,45.7,-115.23,10/1/1980,9/30/2018,,,
527,651,OR,Mt Hood Test Site,5370,45.32,-121.72,7/1/1980,9/30/2018,,,
528,652,NV,Mt Rose Ski Area,8801,39.32,-119.89,6/5/1980,9/30/2018,,,
529,653,OR,Mt. Howard,7910,45.27,-117.17,10/1/1980,9/30/2018,,,
530,654,ID,Mud Flat,5730,42.6,-116.56,10/1/1980,9/30/2018,,,
531,655,OR,Mud Ridge,4070,45.25,-121.74,10/1/1978,9/30/2018,,,
532,656,MT,Mule Creek,8300,45.41,-112.96,8/18/1980,9/30/2018,,,
533,657,MT,N Fk Elk Creek,6250,46.87,-113.28,10/1/1970,9/30/2018,,,
534,658,CO,Nast Lake,8700,39.3,-106.61,9/30/1985,9/30/2018,,,
535,660,OR,New Crescent Lake,4910,43.51,-121.98,10/1/1980,9/30/2018,,,
536,661,WY,New Fork Lake,8340,43.11,-109.95,8/18/1985,9/30/2018,,,
537,662,MT,Nez Perce Camp,5650,45.73,-114.48,10/1/1976,9/30/2018,,,
538,663,CO,Niwot,9910,40.04,-105.54,10/1/1980,9/30/2018,,,
539,664,MT,Noisy Basin,6040,48.16,-113.95,10/1/1974,9/30/2018,,,
540,665,NM,North Costilla,10600,36.99,-105.26,3/7/1979,9/30/2018,,,
541,666,OR,North Fork,3060,45.55,-122,10/1/1978,9/30/2018,,,
542,667,MT,North Fork Jocko,6330,47.27,-113.76,8/28/1989,9/30/2018,,,
543,668,WY,North French Creek,10130,41.33,-106.38,10/1/1978,9/30/2018,,,
544,669,CO,North Lost Trail,9200,39.08,-107.14,9/18/1985,9/30/2018,,,
545,670,MT,Northeast Entrance,7350,45.01,-110.01,10/1/1970,9/30/2018,,,
546,671,OR,Ochoco Meadows,5430,44.43,-120.33,10/1/1980,9/30/2018,,,
547,672,WA,Olallie Meadows,4030,47.37,-121.44,11/3/1980,9/30/2018,,,
548,673,WY,Old Battle,10000,41.15,-106.97,3/7/1979,9/30/2018,,,
549,675,CO,Overland Res.,9840,39.09,-107.63,8/2/1989,9/30/2018,,,
550,676,WY,Owl Creek,8975,43.66,-109.01,8/20/1980,9/30/2018,,,
551,677,ID,Oxford Spring,6740,42.26,-112.13,10/1/1980,9/30/2018,,,
552,679,WA,Paradise,5130,46.78,-121.75,10/1/1980,9/30/2018,,,
553,680,CO,Park Cone,9600,38.82,-106.59,3/30/1980,9/30/2018,,,
554,681,WA,Park Creek Ridge,4600,48.44,-120.92,10/1/1978,9/30/2018,,,
555,682,CO,Park Reservoir,9960,39.05,-107.87,10/1/1978,9/30/2018,,,
556,683,WY,Parker Peak,9400,44.73,-109.91,7/23/1980,9/30/2018,,,
557,684,UT,Parleys Summit,7585,40.76,-111.63,10/1/1978,9/30/2018,,,
558,686,UT,Payson R.S.,8044,39.93,-111.63,9/30/1980,9/30/2018,,,
559,687,OR,Peavine Ridge,3420,45.04,-121.93,10/1/1981,9/30/2018,,,
560,688,CO,Phantom Valley,9030,40.4,-105.85,10/1/1980,9/30/2018,,,
561,689,WY,Phillips Bench,8200,43.52,-110.91,3/7/1979,9/30/2018,,,
562,690,MT,Pickfoot Creek,6650,46.58,-111.27,10/1/1978,9/30/2018,,,
563,691,UT,Pickle Keg,9020,39.01,-111.58,10/1/1978,9/30/2018,,,
564,692,WA,Pigtail Peak,5800,46.62,-121.39,10/1/1981,9/30/2018,,,
565,693,MT,Pike Creek,5930,48.3,-113.33,10/1/1976,9/30/2018,,,
566,694,UT,Pine Creek,8734,38.88,-112.25,2/13/1985,9/30/2018,,,
567,695,ID,Pine Creek Pass,6720,43.57,-111.21,10/1/1988,9/30/2018,,,
568,696,MT,Placer Basin,8830,45.42,-110.09,8/12/1980,9/30/2018,,,
569,697,CA,Poison Flat,7736,38.51,-119.63,10/1/1980,9/30/2018,,,
570,698,NV,Pole Creek R.S.,8360,41.87,-115.25,10/1/1980,9/30/2018,,,
571,699,WA,Pope Ridge,3590,47.99,-120.57,10/1/1981,9/30/2018,,,
572,700,MT,Porcupine,6500,46.11,-110.47,10/1/1976,9/30/2018,,,
573,701,CO,Porphyry Creek,10760,38.49,-106.34,10/1/1978,9/30/2018,,,
574,702,WA,Potato Hill,4510,46.35,-121.51,10/1/1981,9/30/2018,,,
575,703,WY,Powder River Pass,9480,44.16,-107.13,10/1/1978,9/30/2018,,,
576,704,ID,Prairie,4800,43.51,-115.57,11/3/1980,9/30/2018,,,
577,705,AZ,Promontory,7930,34.37,-111.01,5/27/1980,9/30/2018,,,
578,706,OR,Quartz Mountain,5720,42.32,-120.83,10/1/1980,9/30/2018,,,
579,707,WA,Quartz Peak,4700,47.88,-117.09,6/23/1986,9/30/2018,,,
580,708,NM,Quemazon,9500,35.92,-106.39,6/4/1980,9/30/2018,,,
581,709,CO,Rabbit Ears,9400,40.37,-106.74,9/18/1986,9/30/2018,,,
582,710,OR,Railroad Overpass,2680,43.66,-122.21,10/1/1981,9/30/2018,,,
583,711,WA,Rainy Pass,4890,48.52,-120.74,11/3/1980,9/30/2018,,,
584,712,OR,Red Hill,4410,45.46,-121.7,10/1/1978,9/30/2018,,,
585,713,CO,Red Mountain Pass,11200,37.89,-107.71,7/17/1980,9/30/2018,,,
586,714,UT,Red Pine Ridge,8988,39.45,-111.27,10/1/1978,9/30/2018,,,
587,715,NM,Red River Pass #2,9850,36.7,-105.34,3/6/1979,9/30/2018,,,
588,716,WY,Reno Hill,8400,42.57,-106.09,11/3/1980,9/30/2018,,,
589,717,CO,Ripple Creek,10340,40.11,-107.29,9/22/1986,9/30/2018,,,
590,718,CO,Roach,9700,40.88,-106.05,10/1/1980,9/30/2018,,,
591,719,OR,Roaring River,4950,43.9,-122.03,10/1/1980,9/30/2018,,,
592,720,UT,Rock Creek,7886,40.55,-110.69,9/30/1980,9/30/2018,,,
593,721,OR,Rock Springs,5290,44.01,-118.84,10/1/1980,9/30/2018,,,
594,722,MT,Rocker Peak,8000,46.36,-112.26,10/1/1970,9/30/2018,,,
595,723,UT,Rocky Basin-Settleme,8704,40.44,-112.24,2/2/1981,9/30/2018,,,
596,724,CA,Rubicon #2,7619,39,-120.13,10/1/1980,9/30/2018,,,
597,725,MT,S Fork Shields,8100,46.09,-110.43,10/1/1980,9/30/2018,,,
598,726,OR,Saddle Mountain,3110,45.54,-123.37,4/20/1979,9/30/2018,,,
599,727,MT,Saddle Mtn.,7940,45.69,-113.97,10/1/1970,9/30/2018,,,
600,728,WA,Salmon Meadows,4460,48.66,-119.84,11/3/1980,9/30/2018,,,
601,729,OR,Salt Creek Falls,4220,43.61,-122.12,10/1/1980,9/30/2018,,,
602,730,WY,Salt River Summit,7640,42.51,-110.91,3/6/1979,9/30/2018,,,
603,731,WY,Sand Lake,10050,41.46,-106.28,10/1/1982,9/30/2018,,,
604,732,WY,Sandstone RS,8150,41.11,-107.17,10/1/1985,9/30/2018,,,
605,733,OR,Santiam Jct.,3740,44.44,-121.95,9/30/1978,9/30/2018,,,
606,734,WA,Sasse Ridge,4340,47.38,-121.06,10/1/1983,9/30/2018,,,
607,735,ID,Savage Pass,6190,46.47,-114.63,2/3/1983,9/30/2018,,,
608,736,OR,Schneider Meadows,5400,45,-117.17,9/30/1980,9/30/2018,,,
609,737,CO,Schofield Pass,10700,39.02,-107.05,8/22/1985,9/30/2018,,,
610,738,ID,Schweitzer Basin,6090,48.37,-116.64,11/3/1980,9/30/2018,,,
611,739,CO,Scotch Creek,9100,37.65,-108.01,8/5/1986,9/30/2018,,,
612,740,ID,Secesh Summit,6540,45.19,-115.97,10/1/1981,9/30/2018,,,
613,741,ID,Sedgwick Peak,7850,42.52,-111.96,10/1/1988,9/30/2018,,,
614,742,UT,Seeley Creek,9904,39.31,-111.43,10/1/1978,9/30/2018,,,
615,743,OR,Seine Creek,2060,45.53,-123.3,6/1/1980,9/30/2018,,,
616,744,NM,Senorita Divide #2,8600,36,-106.83,10/1/1980,9/30/2018,,,
617,745,OR,Sevenmile Marsh,5700,42.7,-122.14,10/1/1980,9/30/2018,,,
618,746,NV,Seventysix Creek,7350,41.74,-115.47,10/1/1978,9/30/2018,,,
619,747,ID,Shanghi Summit,4600,46.57,-115.74,1/1/1983,9/30/2018,,,
620,748,WA,Sheep Canyon,3990,46.19,-122.25,10/1/1980,9/30/2018,,,
621,749,ID,Sheep Mtn.,6650,43.21,-111.69,3/6/1979,9/30/2018,,,
622,751,WY,Shell Creek,9580,44.5,-107.43,10/20/1978,9/30/2018,,,
623,752,ID,Sherwin,3200,46.95,-116.34,10/1/1981,9/30/2018,,,
624,753,MT,Short Creek,7000,44.98,-111.95,6/30/1988,9/30/2018,,,
625,754,MT,Shower Falls,8100,45.4,-110.96,10/1/1970,9/30/2018,,,
626,755,NM,Signal Peak,8360,32.92,-108.15,3/6/1979,9/30/2018,,,
627,756,OR,Silver Creek,5740,42.96,-121.18,10/1/1980,9/30/2018,,,
628,757,NM,Silver Creek Divide,9000,33.37,-108.71,3/7/1979,9/30/2018,,,
629,759,OR,Silvies,6990,42.75,-118.69,10/1/1979,9/30/2018,,,
630,760,MT,Skalkaho Summit,7250,46.24,-113.77,10/1/1976,9/30/2018,,,
631,761,ID,Slug Creek Divide,7225,42.56,-111.3,3/6/1979,9/30/2018,,,
632,762,CO,Slumgullion,11560,37.99,-107.2,7/12/1980,9/30/2018,,,
633,763,UT,Smith  Morehouse,7631,40.79,-111.12,10/1/1978,9/30/2018,,,
634,764,WY,Snake River Station,6920,44.13,-110.67,10/1/1989,9/30/2018,,,
635,765,WY,Snyder Basin,8060,42.49,-110.53,10/1/1980,9/30/2018,,,
636,766,UT,Snowbird,9617,40.57,-111.66,8/23/1989,9/30/2018,,,
637,767,OR,Snow Mountain,6230,43.95,-119.54,10/1/1978,9/30/2018,,,
638,769,ID,Soldier R.S.,5740,43.48,-114.83,9/30/1986,9/30/2018,,,
639,770,ID,Somsen Ranch,6800,42.95,-111.36,3/6/1979,9/30/2018,,,
640,771,CA,Sonora Pass,8770,38.31,-119.6,9/30/1978,9/30/2018,,,
641,772,WY,South Brush Creek,8440,41.33,-106.5,3/7/1979,9/30/2018,,,
642,773,CO,South Colony,10800,37.97,-105.54,9/24/1991,9/30/2018,,,
643,774,ID,South Mtn.,6500,42.76,-116.9,3/6/1979,9/30/2018,,,
644,775,WY,South Pass,9040,42.57,-108.84,9/9/1985,9/30/2018,,,
645,776,WA,Spencer Meadow,3400,46.18,-121.93,2/3/1981,9/30/2018,,,
646,777,WA,Spirit Lake,3520,46.26,-122.18,10/1/1984,9/30/2018,,,
647,778,CA,Spratt Creek,6063,38.67,-119.82,10/1/1980,9/30/2018,,,
648,779,WY,Spring Creek Divide,9000,42.53,-110.66,3/7/1979,9/30/2018,,,
649,780,CO,Spud Mountain,10660,37.7,-107.78,9/2/1986,9/30/2018,,,
650,781,MT,Spur Park,8100,46.78,-110.62,10/1/1970,9/30/2018,,,
651,782,ID,Squaw Flat,6240,44.77,-116.25,10/1/1981,9/30/2018,,,
652,783,MT,Sleeping Woman,6150,47.18,-114.33,10/1/1991,9/30/2018,,,
653,784,CA,Squaw Valley G.C.,8013,39.19,-120.26,10/1/1980,9/30/2018,,,
654,786,WY,St. Lawrence Alt,8620,43.03,-109.17,10/1/1983,9/30/2018,,,
655,787,MT,Stahl Peak,6030,48.91,-114.86,10/1/1975,9/30/2018,,,
656,788,WA,Stampede Pass,3850,47.27,-121.34,10/1/1982,9/30/2018,,,
657,789,OR,Starr Ridge,5250,44.26,-119.02,10/1/1980,9/30/2018,,,
658,790,UT,Steel Creek Park,10158,40.91,-110.5,10/1/1978,9/30/2018,,,
659,791,WA,Stevens Pass,3950,47.75,-121.09,10/1/1980,9/30/2018,,,
660,792,ID,Stickney Mill,7430,43.86,-114.21,8/12/1980,9/30/2018,,,
661,793,CO,Stillwater Creek,8720,40.23,-105.92,10/1/1985,9/30/2018,,,
662,794,OR,Strawberry,5770,42.13,-120.84,10/1/1980,9/30/2018,,,
663,795,UT,Strawberry Divide,8123,40.16,-111.21,10/1/1978,9/30/2018,,,
664,797,CO,Stump Lakes,11200,37.48,-107.63,9/5/1986,9/30/2018,,,
665,798,WY,Sucker Creek,8880,44.72,-107.4,10/1/1978,9/30/2018,,,
666,800,OR,Summer Rim,7080,42.7,-120.8,10/1/1978,9/30/2018,,,
667,801,OR,Summit Lake,5610,43.45,-122.14,10/1/1978,9/30/2018,,,
668,802,CO,Summit Ranch,9400,39.72,-106.16,6/14/1980,9/30/2018,,,
669,803,ID,Sunset,5540,47.56,-115.82,3/6/1979,9/30/2018,,,
670,804,WA,Surprise Lakes,4290,46.09,-121.76,9/30/1978,9/30/2018,,,
671,805,ID,Swede Peak,7640,43.63,-113.97,3/6/1979,9/30/2018,,,
672,806,WY,Sylvan Lake,8420,44.48,-110.16,9/30/1980,9/30/2018,,,
673,807,WY,Sylvan Road,7120,44.46,-110.14,9/18/1987,9/30/2018,,,
674,809,CA,Tahoe City Cross,6797,39.17,-120.15,10/1/1980,9/30/2018,,,
675,810,OR,Taylor Butte,5030,42.69,-121.43,10/1/1978,9/30/2018,,,
676,811,NV,Taylor Canyon,6325,41.23,-116.03,10/1/1980,9/30/2018,,,
677,812,OR,Taylor Green,5740,45.08,-117.55,11/18/1978,9/30/2018,,,
678,813,MT,Tepee Creek,8000,44.79,-111.71,10/1/1971,9/30/2018,,,
679,814,UT,Thaynes Canyon,9230,40.62,-111.53,6/20/1988,9/30/2018,,,
680,815,OR,Three Creeks Meadow,5690,44.14,-121.64,10/1/1980,9/30/2018,,,
681,816,WY,Thumb Divide,7980,44.37,-110.58,9/30/1987,9/30/2018,,,
682,817,WA,Thunder Basin,4320,48.53,-120.99,10/20/1987,9/30/2018,,,
683,818,WY,Tie Creek,6870,44.81,-107.41,8/30/1994,9/30/2018,,,
684,819,WY,Timber Creek,7950,44.03,-109.18,9/18/1987,9/30/2018,,,
685,820,UT,Timpanogos Divide,8140,40.43,-111.62,10/1/1978,9/30/2018,,,
686,821,OR,Tipton,5150,44.66,-118.43,10/1/1980,9/30/2018,,,
687,822,WY,Togwotee Pass,9580,43.75,-110.06,10/1/1980,9/30/2018,,,
688,823,UT,Tony Grove Lake,8474,41.9,-111.63,10/1/1978,9/30/2018,,,
689,824,WA,Touchet,5530,46.12,-117.85,10/1/1980,9/30/2018,,,
690,825,CO,Tower,10500,40.54,-106.68,8/13/1979,9/30/2018,,,
691,826,WY,Townsend Creek,8700,42.7,-108.9,9/5/1980,9/30/2018,,,
692,827,CO,Trapper Lake,9700,40,-107.24,10/1/1985,9/30/2018,,,
693,828,UT,Trial Lake,9992,40.68,-110.95,10/1/1978,9/30/2018,,,
694,829,CO,Trinchera,10860,37.35,-105.23,9/19/1989,9/30/2018,,,
695,830,ID,Trinity Mtn.,7770,43.63,-115.44,3/6/1979,9/30/2018,,,
696,831,WY,Triple Peak,8500,42.76,-110.59,8/18/1985,9/30/2018,,,
697,832,WA,Trough,5480,47.23,-120.29,10/1/1978,9/30/2018,,,
698,833,UT,Trout Creek,9518,40.74,-109.67,10/1/1978,9/30/2018,,,
699,834,CA,Truckee #2,6509,39.3,-120.18,10/1/1980,9/30/2018,,,
700,835,MT,Twelvemile Creek,5600,46.14,-114.45,10/1/1970,9/30/2018,,,
701,836,MT,Twin Lakes,6400,46.14,-114.51,10/1/1970,9/30/2018,,,
702,837,WY,Two Ocean Plateau,9240,44.15,-110.22,10/1/1980,9/30/2018,,,
703,838,CO,University Camp,10300,40.03,-105.58,10/1/1978,9/30/2018,,,
704,839,CO,Upper Rio Grande,9400,37.72,-107.26,9/4/1986,9/30/2018,,,
705,840,CO,Upper San Juan,10200,37.49,-106.84,9/30/1978,9/30/2018,,,
706,841,WA,Upper Wheeler,4330,47.29,-120.37,11/3/1980,9/30/2018,,,
707,842,CO,Vail Mountain,10300,39.62,-106.38,10/1/1978,9/30/2018,,,
708,843,CO,Vallecito,10880,37.49,-107.51,8/25/1986,9/30/2018,,,
709,844,UT,Vernon Creek,7401,39.94,-112.41,10/1/1978,9/30/2018,,,
710,845,ID,Vienna Mine,8960,43.8,-114.85,3/7/1979,9/30/2018,,,
711,846,CA,Virginia Lakes Ridge,9445,38.07,-119.23,9/30/1978,9/30/2018,,,
712,847,MT,Waldron,5600,47.92,-112.79,10/1/1970,9/30/2018,,,
713,848,CA,Ward Creek #3,6745,39.14,-120.22,10/1/1979,9/30/2018,,,
714,849,NV,Ward Mountain,9200,39.13,-114.96,10/1/1980,9/30/2018,,,
715,850,MT,Warm Springs,7800,46.27,-113.16,10/1/1977,9/30/2018,,,
716,852,WY,Webber Springs,9250,41.16,-106.93,3/7/1979,9/30/2018,,,
717,853,UT,Webster Flat,9203,37.58,-112.9,10/1/1980,9/30/2018,,,
718,854,NM,Wesner Springs,11120,35.78,-105.54,9/26/1989,9/30/2018,,,
719,855,ID,West Branch,5560,45.07,-116.45,10/1/1980,9/30/2018,,,
720,857,CO,Whiskey Ck,10220,37.21,-105.12,10/1/1980,9/30/2018,,,
721,858,MT,Whiskey Creek,6800,44.61,-111.15,10/1/1971,9/30/2018,,,
722,859,WY,Whiskey Park,8950,41,-106.91,9/16/1986,9/30/2018,,,
723,860,ID,White Elephant,7710,44.53,-111.41,11/3/1980,9/30/2018,,,
724,861,AZ,White Horse Lake,7180,35.14,-112.15,10/1/1978,9/30/2018,,,
725,862,MT,White Mill,8700,45.05,-109.91,10/1/1973,9/30/2018,,,
726,863,WA,White Pass E.S.,4440,46.64,-121.38,10/1/1980,9/30/2018,,,
727,864,UT,White River #1,8641,39.96,-110.99,10/1/1978,9/30/2018,,,
728,865,UT,Widtsoe #3,9640,37.84,-111.88,10/1/1978,9/30/2018,,,
729,866,AZ,Wildcat,7850,33.76,-109.48,7/17/1984,9/30/2018,,,
730,867,ID,Wildhorse Divide,6490,42.76,-112.48,11/3/1980,9/30/2018,,,
731,868,WY,Willow Creek,8080,42.82,-110.84,10/1/1980,9/30/2018,,,
732,869,CO,Willow Creek Pass,9540,40.35,-106.09,10/1/1978,9/30/2018,,,
733,870,CO,Willow Park,10700,40.43,-105.73,7/6/1980,9/30/2018,,,
734,871,ID,Wilson Creek,7120,42.01,-115,9/26/1990,9/30/2018,,,
735,872,WY,Windy Peak,7900,42.28,-105.58,11/3/1980,9/30/2018,,,
736,873,OR,Wolf Creek,5630,45.07,-118.15,10/1/1978,9/30/2018,,,
737,874,CO,Wolf Creek Summit,11000,37.48,-106.8,8/20/1986,9/30/2018,,,
738,875,WY,Wolverine,7650,44.8,-109.66,7/29/1980,9/30/2018,,,
739,876,MT,Wood Creek,5960,47.45,-112.81,10/1/1978,9/30/2018,,,
740,877,AZ,Workman Creek,6900,33.81,-110.92,3/6/1979,9/30/2018,,,
741,878,WY,Younts Peak,8350,43.93,-109.82,8/28/1980,9/30/2018,,,
742,893,MT,Tizer Basin,6880,46.35,-111.85,9/7/1988,9/30/2018,,,
743,895,ID,Chocolate Gulch,6310,43.77,-114.42,6/25/1993,9/30/2018,,,
744,896,UT,Hardscrabble,7250,40.87,-111.72,10/1/1993,9/30/2018,,,
745,897,WA,Meadows Pass,3230,47.28,-121.47,10/1/1993,9/30/2018,,,
746,898,WA,Mount Gardner,2920,47.36,-121.57,10/1/1993,9/30/2018,,,
747,899,WA,Tinkham Creek,2990,47.33,-121.47,10/1/1993,9/30/2018,,,
748,901,MT,Stuart Mountain,7400,47,-113.93,9/13/1994,9/30/2018,,,
749,902,AZ,Beaver Head,7990,33.69,-109.22,5/12/1994,9/30/2018,,,
750,903,MT,Nevada Ridge,7020,46.84,-112.51,7/7/1994,9/30/2018,,,
751,904,CO,Columbus Basin,10785,37.44,-108.02,9/22/1994,9/30/2018,,,
752,905,CO,Mancos,10000,37.43,-108.17,9/23/1994,9/30/2018,,,
753,906,UT,Dry Fork,7093,40.57,-112.17,10/1/1994,9/30/2018,,,
754,907,UT,Agua Canyon,8900,37.52,-112.27,9/30/1994,9/30/2018,,,
755,908,WA,Alpine Meadows,3500,47.78,-121.7,9/22/1994,9/30/2018,,,
756,909,WA,Wells Creek,4030,48.87,-121.79,8/23/1995,9/30/2018,,,
757,910,WA,Elbow Lake,3040,48.69,-121.91,8/25/1995,9/30/2018,,,
758,911,WA,Rex River,3810,47.3,-121.6,10/1/1995,9/30/2018,,,
759,912,WA,Skookum Creek,3310,47.68,-121.61,8/30/1995,9/30/2018,,,
760,913,CO,Buffalo Park,9240,40.23,-106.6,9/15/1995,9/30/2018,,,
761,914,CO,Medano Pass,9649,37.85,-105.44,10/1/1995,9/30/2018,,,
762,915,ID,Schwartz Lake,8630,44.85,-113.84,9/26/1995,9/30/2018,,,
763,916,MT,Albro Lake,8300,45.6,-111.96,9/11/1996,9/30/2018,,,
764,917,MT,Rocky Boy,4700,48.17,-109.65,10/1/1970,9/30/2018,,,
765,918,MT,Garver Creek,4250,48.98,-115.82,10/1/1970,9/30/2018,,,
766,919,MT,Daisy Peak,7600,46.67,-110.33,10/1/1995,9/30/2018,,,
767,920,SD,North Rapid Creek,6130,44.21,-103.79,8/12/1996,9/30/2018,,,
768,921,NM,Elk Cabin,8210,35.7,-105.81,10/1/1996,9/30/2018,,,
769,922,NM,Santa Fe,11445,35.77,-105.78,10/1/1996,9/30/2018,,,
770,923,WY,Deer Park,9700,42.59,-108.9,8/13/1997,9/30/2018,,,
771,924,MT,West Yellowstone,6700,44.66,-111.09,10/1/1970,9/30/2018,,,
772,925,OR,South Fork Bull Run,2690,45.45,-122.03,9/18/1997,9/30/2018,,,
773,926,ID,Smiley Mountain,9520,43.73,-113.83,9/19/2001,9/30/2018,,,
774,927,AZ,Snowslide Canyon,9730,35.34,-111.65,9/14/1997,9/30/2018,,,
775,928,WA,Huckleberry Creek,2250,47.07,-121.59,10/1/1997,9/30/2018,,,
776,929,MT,Sacajawea,6550,45.87,-110.93,9/30/1999,9/30/2018,,,
777,930,MT,Peterson Meadows,7200,46.13,-113.31,10/1/1970,9/30/2018,,,
778,931,WY,Big Goose,7990,44.58,-107.2,7/28/1998,9/30/2018,,,
779,932,MT,Poorman Creek,5100,48.13,-115.62,10/1/1970,9/30/2018,,,
780,933,NM,Rice Park,8460,35.23,-108.27,9/25/1998,9/30/2018,,,
781,934,NM,Tolby,10180,36.47,-105.19,9/23/1998,9/30/2018,,,
782,935,CO,Jackwhacker Gulch,10960,39.57,-105.8,8/27/1998,9/30/2018,,,
783,936,CO,Echo Lake,10600,39.66,-105.59,9/7/1998,9/30/2018,,,
784,937,CO,Michigan Creek,10600,39.44,-105.91,8/13/1998,9/30/2018,,,
785,938,CO,Buckskin Joe,11150,39.3,-106.11,7/27/1999,9/30/2018,,,
786,939,CO,Rough And Tumble,10360,39.03,-106.08,8/13/1998,9/30/2018,,,
787,940,CO,Lost Dog,9320,40.82,-106.75,8/8/1998,9/30/2018,,,
788,941,WA,Mowich,3160,46.93,-121.95,10/1/1998,9/30/2018,,,
789,942,WA,Burnt Mountain,4170,47.04,-121.94,7/14/1999,9/30/2018,,,
790,943,WA,Dungeness,4010,47.87,-123.08,10/1/1998,9/30/2018,,,
791,944,WY,Gunsight Pass,9820,43.38,-109.88,9/3/1998,9/30/2018,,,
792,945,OR,Gerber Reservoir,4890,42.21,-121.13,10/1/1998,9/30/2018,,,
793,946,AK,Indian Pass,2350,61.07,-149.48,10/1/1979,9/30/2018,,,
794,947,AK,Little Chena Ridge,2000,65.12,-146.73,9/30/1981,9/30/2018,,,
795,948,AK,Mt. Ryan,2800,65.25,-146.15,9/30/1981,9/30/2018,,,
796,949,AK,Monument Creek,1850,65.08,-145.87,10/1/1980,9/30/2018,,,
797,950,AK,Munson Ridge,3100,64.85,-146.21,10/1/1980,9/30/2018,,,
798,951,AK,Teuchet Creek,1640,64.95,-145.52,9/30/1981,9/30/2018,,,
799,952,AK,Upper Chena,2850,65.1,-144.93,5/2/1984,9/30/2018,,,
800,954,AK,Turnagain Pass,1880,60.78,-149.18,10/1/1982,9/30/2018,,,
801,955,AK,Summit Creek,1400,60.62,-149.53,10/1/1989,9/30/2018,,,
802,956,AK,Grandview,1100,60.61,-149.06,10/1/1983,9/30/2018,,,
803,958,AK,Coldfoot,1040,67.25,-150.18,3/1/1995,9/30/2018,,,
804,959,AK,Cooper Lake,1200,60.39,-149.69,10/1/1981,9/30/2018,,,
805,963,AK,Granite Crk,1240,63.94,-145.4,10/1/1987,9/30/2018,,,
806,964,AK,Grouse Creek Divide,700,60.26,-149.34,10/1/1988,9/30/2018,,,
807,966,AK,Kenai Moose Pens,300,60.73,-150.48,10/1/1983,9/30/2018,,,
808,967,AK,Susitna Valley High,375,62.13,-150.04,10/1/1987,9/30/2018,,,
809,969,AZ,Happy Jack,7630,34.75,-111.41,6/14/1999,9/30/2018,,,
810,970,CO,Jones Pass,10400,39.76,-105.91,9/30/1999,9/30/2018,,,
811,971,UT,Parrish Creek,7740,40.93,-111.81,8/2/1999,9/30/2018,,,
812,972,UT,Louis Meadow,6700,40.83,-111.76,9/2/1999,9/30/2018,,,
813,974,WA,Waterhole,5010,47.94,-123.43,10/1/1999,9/30/2018,,,
814,975,WA,Swamp Creek,3930,48.57,-120.78,10/1/1999,9/30/2018,,,
815,977,CA,Crowder Flat,5170,41.89,-120.75,10/1/1999,9/30/2018,,,
816,978,ID,Bogus Basin,6340,43.76,-116.1,9/22/1999,9/30/2018,,,
817,979,ID,Van Wyck,4920,44.38,-116.34,6/20/2001,9/30/2018,,,
818,981,MT,Burnt Mtn,5880,45.24,-109.46,9/30/2000,9/30/2018,,,
819,982,WY,Cole Canyon,5910,44.49,-104.41,6/13/2000,9/30/2018,,,
820,983,UT,Clayton Springs,10049,37.97,-111.83,6/28/2000,9/30/2018,,,
821,984,WA,Spruce Springs,5700,46.18,-117.54,7/13/2000,9/30/2018,,,
822,985,WA,Sourdough Gulch,4000,46.24,-117.39,7/13/2000,9/30/2018,,,
823,987,AK,Port Graham,300,59.35,-151.85,9/30/2000,9/30/2018,,,
824,988,ID,Hidden Lake,5040,48.89,-116.76,9/20/2000,9/30/2018,,,
825,989,ID,Moscow Mountain,4700,46.81,-116.85,10/1/2000,9/30/2018,,,
826,990,WA,Beaver Pass,3630,48.88,-121.26,10/1/2001,9/30/2018,,,
827,992,UT,Bear River RS,8777,40.89,-110.83,10/27/2010,9/30/2018,,,
828,998,WA,Easy Pass,5270,48.86,-121.44,9/19/2008,9/30/2018,,,
829,999,WA,Marten Ridge,3520,48.76,-121.7,7/12/2006,9/30/2018,,,
